node_id,name,x_coord,y_coord,node_type,ctrl_type,geometry
1,,0.017882,-0.125179,,,POINT (0.017882 -0.125179)
2,,40.253933,0.053648,,,POINT (40.253933 0.053648)
3,,19.778254,14.806867,,,POINT (19.778254 14.806867)
4,,19.688841,-9.692418,,,POINT (19.688841 -9.692418)
