notes,geometry,
subarea_polygon,"POLYGON ((-111.936870 40.614207,-111.903691 40.612397,-111.904093 40.578548,-111.936669 40.580156,-111.937071 40.614274,-111.936870 40.614207,))"
