link_id,based_link_type,from_node_id,to_node_id,geometry,distance_km,distance_mile,fftt,meso_link_id,tmc,tmc_corridor_name,tmc_corridor_id,tmc_road_order,tmc_road_sequence,subarea_id,lanes_s0,lanes_s1,type_s0,type_s1,penaltys0,penaltys1,vol_p0_s0_auto,vol_p0_s1_auto,MEU_p0_s0_auto,MEU_p0_s1_auto,cap_p0_s0_auto,cap_p0_s1_auto,DOC_p0_s0_auto,DOC_p0_s1_auto,TT_p0_s0_auto,TT_p0_s1_auto,vol_am_s_no_build_auto,MEU_am_no_build_auto,cap_am_no_build_auto,DOC_am_no_build_auto,TT_am_no_build_auto,vol_am_s_build_auto,MEU_am_build_auto,cap_am_build_auto,DOC_am_build_auto,TT_am_build_auto,
1003,highway,1,3,"LINESTRING (0.017882 -0.125179,19.778254 14.806867)",0.010000,0.006215,0.010000,-1,,network_wide,-1,0,-1,-1,1.0,1.0,highway,highway,0.0,0.0,4000.0,4000.0,4000.0,4000.0,2000.0,2000.0,40.0,40.0,40.0,40.0,4000.0,4000.0,2000.000,40.000,40.010,4000.0,4000.0,2000.000,40.000,40.010,
3002,highway,3,2,"LINESTRING (19.778254 14.806867,40.253933 0.053648)",45.000000,27.967682,45.000000,-1,,network_wide,-1,0,-1,-1,3.0,3.0,highway,highway,0.0,0.0,4000.0,0.0,4000.0,0.0,6000.0,6000.0,0.2,0.0,45.0,45.0,4000.0,4000.0,6000.000,0.234,45.000,0.0,0.0,6000.000,0.000,45.000,
1004,highway,1,4,"LINESTRING (0.017882 -0.125179,19.688841 -9.692418)",45.000000,27.967682,45.000000,-1,,network_wide,-1,0,-1,-1,3.0,3.0,highway,highway,0.0,0.0,0.0,0.0,0.0,0.0,6000.0,6000.0,0.0,0.0,45.0,45.0,0.0,0.0,6000.000,0.000,45.000,0.0,0.0,6000.000,0.000,45.000,
4002,highway,4,2,"LINESTRING (19.688841 -9.692418,40.253933 0.053648)",0.010000,0.006215,0.010000,-1,,network_wide,-1,0,-1,-1,1.0,1.0,highway,highway,0.0,0.0,0.0,4000.0,0.0,4000.0,2000.0,2000.0,0.0,40.0,0.0,40.0,0.0,0.0,2000.000,0.000,0.010,4000.0,4000.0,2000.000,40.000,40.010,
4002,highway,3,4,"LINESTRING (19.778254 14.806867,19.688841 -9.692418)",0.010000,0.006215,0.010000,-1,,network_wide,-1,0,-1,-1,0.0,3.0,highway,highway,0.0,0.0,0.0,4000.0,0.0,4000.0,0.0,6000.0,0.0,13.3,999999.0,0.0,0.0,0.0,0.000,0.000,999999.000,4000.0,4000.0,6000.000,13.333,0.010,
