link_id,link_no,layer_no,from_node_id,to_node_id,from_gate_flag,to_gate_flag,link_type,link_type_name,lanes,link_distance_VDF,free_speed,cutoff_speed,fftt,capacity,allow_uses,BPR_plf,BPR_alpha,BPR_beta,QVDF_plf,QVDF_alpha,QVDF_beta,QVDF_cd,QVDF_n,geometry
1003,0,0,1,3,-1,-1,1,,1.000000,0.010000,60.000000,51.000000,0.010000,100.000000,,1.000000,100.000000,1.000000,1.000000,0.272877,4.000000,0.954946,1.141574,"LINESTRING (0.017882 -0.125179,19.778254 14.806867)"
3002,1,0,3,2,-1,-1,1,,3.000000,45.000000,60.000000,51.000000,45.000000,5700.000000,,1.000000,0.000000,1.000000,1.000000,0.272877,4.000000,0.954946,1.141574,"LINESTRING (19.778254 14.806867,40.253933 0.053648)"
1004,2,0,1,4,-1,-1,1,,3.000000,45.000000,60.000000,51.000000,45.000000,5700.000000,,1.000000,0.000000,1.000000,1.000000,0.272877,4.000000,0.954946,1.141574,"LINESTRING (0.017882 -0.125179,19.688841 -9.692418)"
4002,3,0,4,2,-1,-1,1,,1.000000,0.010000,60.000000,51.000000,0.010000,100.000000,,1.000000,100.000000,1.000000,1.000000,0.272877,4.000000,0.954946,1.141574,"LINESTRING (19.688841 -9.692418,40.253933 0.053648)"
4002,4,0,3,4,-1,-1,1,,0.000000,0.010000,60.000000,51.000000,0.010000,100.000000,,1.000000,0.000000,0.000000,1.000000,0.272877,4.000000,0.954946,1.141574,"LINESTRING (19.778254 14.806867,19.688841 -9.692418)"
