first_column,zone_id,x_coord,y_coord,super_zone_id,analysis_district_id,demand,subarea_significance_flag,inside_flag
,1,0.017882,-0.125179,0,1,4000.000000,1,3
,2,40.253933,0.053648,1,2,0.000000,1,3
,3,19.778254,14.806867,2,3,0.000000,1,3
,4,19.688841,-9.692418,3,4,0.000000,1,3
