tmc_corridor_name,demand_period,links,vol0,speed0,DoC0,max_P0,vol,speed,Doc,P,diff_vol,diff_spd,diff_Doc,diff_P,d%_vol,d%_spd,
network_wide,AM,378,888.967,29.8646,0.739345,3.94886,907.112,30.1456,0.794278,5.41836,18.1454,0.281058,0.0549324,1.4695,2.04117,0.941107,
sa link_id:368,AM,1,2466.58,4.37059,1.45607,1.46643,0,51.52,0,0,-2466.58,47.1494,-1.45607,-1.46643,-100,1078.79,
