o_zone_id,d_zone_id,volume,geometry
1,1,1.0000,"LINESTRING (0.000000 -0.100000,0.000000 -0.100000,)"
1,2,1.0000,"LINESTRING (0.000000 -0.100000,40.300000 0.100000,)"
2,1,1.0000,"LINESTRING (40.300000 0.100000,0.000000 -0.100000,)"
2,2,1.0000,"LINESTRING (40.300000 0.100000,40.300000 0.100000,)"
