link_id,link_type,from_node_id,to_node_id,geometry,distance_km,distance_mile,fftt,meso_link_id,tmc,tmc_corridor_name,tmc_corridor_id,tmc_road_order,tmc_road_sequence,subarea_id,lanes_s0,type_s0,penaltys0,Vam25nbauto,Vmd25nbauto,Vpm25nbauto,VABam25nbauto,VABmd25nbauto,VABpm25nbauto,VBAam25nbauto,VBAmd25nbauto,VBApm25nbauto,block,am25nbautoMEUVAB,am25nbautocapAB,am25nbautoDOCAB,am25nbautoTTAB,md25nbautoMEUVAB,md25nbautocapAB,md25nbautoDOCAB,md25nbautoTTAB,pm25nbautoMEUVAB,pm25nbautocapAB,pm25nbautoDOCAB,pm25nbautoTTAB,am25nbautoMEUVBA,am25nbautocapBA,am25nbautoDOCBA,am25nbautoTTBA,md25nbautoMEUVBA,md25nbautocapBA,md25nbautoDOCBA,md25nbautoTTBA,pm25nbautoMEUVBA,pm25nbautocapBA,pm25nbautoDOCBA,pm25nbautoTTBA,
3,arterial,1,4,"LINESTRING (0.017882 -0.125179 ,19.688841 -9.692418 )",15.000000,9.322561,15.000000,-1,,network_wide,-1,0,-1,-1,1.0,arterial,0.0,3099.7,0.0,0.0,1549.8,0.0,0.0,1549.8,0.0,0.0,,1549.8,2000.0,0.517,15.160,0.0,2000.0,0.000,15.000,0.0,2000.0,0.000,15.000,1549.8,2000.000,0.517,15.160,0.0,2000.000,0.000,15.000,0.0,2000.000,0.000,15.000,
4,arterial,4,2,"LINESTRING (19.688841 -9.692418 ,40.253933 0.053648 )",15.000000,9.322561,15.000000,-1,,network_wide,-1,0,-1,-1,1.0,arterial,0.0,3099.7,0.0,0.0,1549.8,0.0,0.0,1549.8,0.0,0.0,,1549.8,2000.0,0.517,15.160,0.0,2000.0,0.000,15.000,0.0,2000.0,0.000,15.000,1549.8,2000.000,0.517,15.160,0.0,2000.000,0.000,15.000,0.0,2000.000,0.000,15.000,
1,highway,1,3,"LINESTRING (0.017882 -0.125179 ,19.778254 14.806867 )",10.000000,6.215040,10.000000,-1,,network_wide,-1,0,-1,-1,1.0,highway,0.0,10900.3,0.0,0.0,5450.2,0.0,0.0,5450.2,0.0,0.0,,5450.2,2000.0,1.363,15.170,0.0,2000.0,0.000,10.000,0.0,2000.0,0.000,10.000,5450.2,2000.000,1.363,15.170,0.0,2000.000,0.000,10.000,0.0,2000.000,0.000,10.000,
2,highway,3,2,"LINESTRING (19.778254 14.806867 ,40.253933 0.053648 )",10.000000,6.215040,10.000000,-1,,network_wide,-1,0,-1,-1,1.0,highway,0.0,10900.3,0.0,0.0,5450.2,0.0,0.0,5450.2,0.0,0.0,,5450.2,2000.0,1.363,15.170,0.0,2000.0,0.000,10.000,0.0,2000.0,0.000,10.000,5450.2,2000.000,1.363,15.170,0.0,2000.000,0.000,10.000,0.0,2000.000,0.000,10.000,
