link_id,based_link_type,from_node_id,to_node_id,geometry,distance_km,distance_mile,fftt,meso_link_id,tmc,tmc_corridor_name,tmc_corridor_id,tmc_road_order,tmc_road_sequence,subarea_id,lanes_s0,type_s0,penaltys0,p0_s0_auto_vol,p1_s0_auto_vol,p2_s0_auto_vol,am_s_25nb_auto_vol,md_s_25nb_auto_vol,pm_s_25nb_auto_vol,am25nbautoMEU,am25nbautocap,am25nbautoDOC,am_25nb_auto_TT,md25nbautoMEU,md25nbautocap,md25nbautoDOC,md_25nb_auto_TT,pm25nbautoMEU,pm25nbautocap,pm25nbautoDOC,pm_25nb_auto_TT,
3,arterial,1,4,"LINESTRING (0.017882 -0.125179 ,19.688841 -9.692418 )",15.000000,9.322561,15.000000,-1,,network_wide,-1,0,-1,-1,1.0,arterial,0.0,1549.8,0.0,0.0,1549.8,0.0,0.0,1549.8,2000.0,0.517,15.160,0.0,2000.0,0.000,15.000,0.0,2000.0,0.000,15.000,
3,arterial,4,1,"LINESTRING (0.017882 -0.125179 ,19.688841 -9.692418 )",15.000000,9.322561,15.000000,-1,,network_wide,-1,0,-1,-1,1.0,arterial,0.0,1549.8,0.0,0.0,1549.8,0.0,0.0,1549.8,2000.0,0.517,15.160,0.0,2000.0,0.000,15.000,0.0,2000.0,0.000,15.000,
4,arterial,4,2,"LINESTRING (19.688841 -9.692418 ,40.253933 0.053648 )",15.000000,9.322561,15.000000,-1,,network_wide,-1,0,-1,-1,1.0,arterial,0.0,1549.8,0.0,0.0,1549.8,0.0,0.0,1549.8,2000.0,0.517,15.160,0.0,2000.0,0.000,15.000,0.0,2000.0,0.000,15.000,
4,arterial,2,4,"LINESTRING (19.688841 -9.692418 ,40.253933 0.053648 )",15.000000,9.322561,15.000000,-1,,network_wide,-1,0,-1,-1,1.0,arterial,0.0,1549.8,0.0,0.0,1549.8,0.0,0.0,1549.8,2000.0,0.517,15.160,0.0,2000.0,0.000,15.000,0.0,2000.0,0.000,15.000,
1,highway,1,3,"LINESTRING (0.017882 -0.125179 ,19.778254 14.806867 )",10.000000,6.215040,10.000000,-1,,network_wide,-1,0,-1,-1,1.0,highway,0.0,5450.2,0.0,0.0,5450.2,0.0,0.0,5450.2,2000.0,1.363,15.170,0.0,2000.0,0.000,10.000,0.0,2000.0,0.000,10.000,
1,highway,3,1,"LINESTRING (0.017882 -0.125179 ,19.778254 14.806867 )",10.000000,6.215040,10.000000,-1,,network_wide,-1,0,-1,-1,1.0,highway,0.0,5450.2,0.0,0.0,5450.2,0.0,0.0,5450.2,2000.0,1.363,15.170,0.0,2000.0,0.000,10.000,0.0,2000.0,0.000,10.000,
2,highway,3,2,"LINESTRING (19.778254 14.806867 ,40.253933 0.053648 )",10.000000,6.215040,10.000000,-1,,network_wide,-1,0,-1,-1,1.0,highway,0.0,5450.2,0.0,0.0,5450.2,0.0,0.0,5450.2,2000.0,1.363,15.170,0.0,2000.0,0.000,10.000,0.0,2000.0,0.000,10.000,
2,highway,2,3,"LINESTRING (19.778254 14.806867 ,40.253933 0.053648 )",10.000000,6.215040,10.000000,-1,,network_wide,-1,0,-1,-1,1.0,highway,0.0,5450.2,0.0,0.0,5450.2,0.0,0.0,5450.2,2000.0,1.363,15.170,0.0,2000.0,0.000,10.000,0.0,2000.0,0.000,10.000,
