first_column,path_no,o_zone_id,d_zone_id,od_pair,o_sindex,d_sindex,within_OD_path_no,path_id,activity_zone_sequence,activity_agent_type_sequence,information_type,agent_type,demand_period,volume,OD_relative_gap,travel_time,path_gap,preload_volume,volume_before_odme,volume_after_odme,volume_diff_odme,rt_new_path_flag,volume_before_sa,volume_after_sa,volume_diff_sa,simu_volume,subarea_flag,OD_impact_flag,at_OD_impact_flag,path_impact_flag,toll,#_of_nodes,#_of_sensor_links,#_of_SA_links,travel_time,VDF_travel_time,VDF_travel_time_without_access_link,distance_km,distance_mile,node_sequence,link_sequence, ODME_TT_0,ODME_TT_1,ODME_TT_2,ODME_Vol_0,ODME_Vol_1,ODME_Vol_2,geometry,link_type_name_sequence,link_code_sequence,link_link_distance_VDF_sequence,link_FFTT_sequence,
,1,1,2,0,1,1->2,1,2,,,0,d,am,1104.8993,0.0140,35.0828,0.0726,0.0000,1104.8993,1104.8993,0.0000,0.0000,0.0000,0.0000,0.0000,0,1,0,0,0,0.0,3,0,0,35.1,35.0828,35.0828,30.0000,18.6451,1;4;2;,3;4;,-1.000000,-1.000000,-1.000000,0.000000,0.000000,0.000000,"LINESTRING (0.017882 -0.125179, 19.688841 -9.692418, 40.253933 0.053648)",,,15.000;15.000;,15.000;15.000;,
,2,1,2,0,1,1->2,0,1,,,0,d,am,5895.1008,0.0140,34.1529,0.0000,0.0000,5895.1008,5895.1008,0.0000,0.0000,0.0000,0.0000,0.0000,0,1,0,0,0,0.0,3,0,0,34.2,34.1529,34.1529,20.0000,12.4301,1;3;2;,1;2;,-1.000000,-1.000000,-1.000000,0.000000,0.000000,0.000000,"LINESTRING (0.017882 -0.125179, 19.778254 14.806867, 40.253933 0.053648)",,,10.000;10.000;,10.000;10.000;,
,3,2,1,1,0,2->1,1,2,,,0,d,am,1104.8993,0.0140,35.0828,0.0726,0.0000,1104.8993,1104.8993,0.0000,0.0000,0.0000,0.0000,0.0000,0,1,0,0,0,0.0,3,0,0,35.1,35.0828,35.0828,30.0000,18.6451,2;4;1;,4;3;,-1.000000,-1.000000,-1.000000,0.000000,0.000000,0.000000,"LINESTRING (40.253933 0.053648, 19.688841 -9.692418, 0.017882 -0.125179)",,,15.000;15.000;,15.000;15.000;,
,4,2,1,1,0,2->1,0,1,,,0,d,am,5895.1008,0.0140,34.1529,0.0000,0.0000,5895.1008,5895.1008,0.0000,0.0000,0.0000,0.0000,0.0000,0,1,0,0,0,0.0,3,0,0,34.2,34.1529,34.1529,20.0000,12.4301,2;3;1;,2;1;,-1.000000,-1.000000,-1.000000,0.000000,0.000000,0.000000,"LINESTRING (40.253933 0.053648, 19.778254 14.806867, 0.017882 -0.125179)",,,10.000;10.000;,10.000;10.000;,
