notes,geometry,
subarea_polygon,"POLYGON ((-88.016403 42.040773,-87.988141 41.691355,-87.416483 41.718332,-87.494845 42.045912,-88.015119 42.043343,-88.016403 42.040773,))"
