first_column,district_seq_id,scenario_name,demand_period,mode_type,od_volume,total_distance_km,total_distance_mile,total_travel_time_min,avg_distance_km,avg_distance_mile,avg_travel_time_in_min,zone_vector,geometry
,0,25nb,am,auto,347800,3.23377e+06,2.0098e+06,7.09705e+06,9.29777,5.7786,20.4055,3;4;5;6;7;8;9;10;11;12;13;14;15;16;17;18;19;20;21;22;23;24;,"POLYGON ((-96.7743 43.573,-96.7116 43.5876,-96.6934 43.5638,-96.6941 43.5467,-96.7112 43.5153,-96.7934 43.4907,-96.7743 43.573,))"
,0,25nb,md,auto,278240,2.51408e+06,1.56251e+06,4.01402e+06,9.03567,5.6157,14.4265,3;4;5;6;7;8;9;10;11;12;13;14;15;16;17;18;19;20;21;22;23;24;,"POLYGON ((-96.7743 43.573,-96.7116 43.5876,-96.6934 43.5638,-96.6941 43.5467,-96.7112 43.5153,-96.7934 43.4907,-96.7743 43.573,))"
,0,25nb,pm,auto,521700,5.04228e+06,3.1338e+06,3.15089e+07,9.6651,6.0069,60.3966,3;4;5;6;7;8;9;10;11;12;13;14;15;16;17;18;19;20;21;22;23;24;,"POLYGON ((-96.7743 43.573,-96.7116 43.5876,-96.6934 43.5638,-96.6941 43.5467,-96.7112 43.5153,-96.7934 43.4907,-96.7743 43.573,))"
,1,25nb,am,auto,8800,143628,89265.1,236379,16.3213,10.1438,26.8612,1;,"POLYGON ((-96.7704 43.6128,))"
,1,25nb,md,auto,7040,113722,70678.4,144612,16.1536,10.0395,20.5415,1;,"POLYGON ((-96.7704 43.6128,))"
,1,25nb,pm,auto,13200,216280,134419,968539,16.3849,10.1833,73.3742,1;,"POLYGON ((-96.7704 43.6128,))"
,2,25nb,am,auto,4000,55591.6,34550.4,98836.9,13.8979,8.6376,24.7092,2;,"POLYGON ((-96.7113 43.6058,))"
,2,25nb,md,auto,3200,42832.1,26620.3,58910.4,13.385,8.31885,18.4095,2;,"POLYGON ((-96.7113 43.6058,))"
,2,25nb,pm,auto,6000,99632.1,61921.7,399677,16.6053,10.3203,66.6129,2;,"POLYGON ((-96.7113 43.6058,))"
