tmc_corridor_name,demand_period,links,vol0,speed0,DoC0,max_P0,vol,speed,Doc,P,diff_vol,diff_spd,diff_Doc,diff_P,d%_vol,d%_spd,
dms link_id:2,AM,1,8511.78,59.7838,0.394064,0.0230275,4740.22,59.9791,0.219455,0.00221492,-3771.56,0.195377,-0.174609,-0.0208125,-44.3099,0.326807,
network_wide,AM,79,1619.36,58.7867,0.0788884,0.181793,1833.68,58.0919,8537.16,4.30669e+06,214.323,-0.694765,8537.08,4.30669e+06,13.2351,-1.18184,
sa link_id:10,AM,1,9511.78,58.3342,0.66054,0.181793,4855.89,0.1,674429,4.30669e+06,-4655.89,-58.2342,674429,4.30669e+06,-48.9487,-99.8286,
