notes,geometry,
subarea_polygon,"POLYGON ((-112.125576 33.658390,-112.104843 33.659728,-112.103506 33.647021,-112.128474 33.647467,-112.126245 33.658613,-112.125576 33.658390,))"
