first_column,district_seq_id,scenario_name,demand_period,mode_type,od_volume,total_distance_km,total_distance_mile,total_travel_time_min,avg_distance_km,avg_distance_mile,avg_travel_time_in_min,zone_vector,geometry
0,0,25nb,am,auto,347800,3.32058e+06,2.06375e+06,1.14552e+07,9.54738,5.93373,32.9363,3;4;5;6;7;8;9;10;11;12;13;14;15;16;17;18;19;20;21;22;23;24;,"POLYGON ((-96.7743 43.573,-96.7116 43.5876,-96.6934 43.5638,-96.6941 43.5467,-96.7112 43.5153,-96.7934 43.4907,-96.7743 43.573,))"
0,1,25nb,am,auto,8800,144071,89540.6,367610,16.3717,10.1751,41.7738,1;,"POLYGON ((-96.7704 43.6128,))"
0,2,25nb,am,auto,4000,62581.5,38894.6,155141,15.6454,9.72366,38.7852,2;,"POLYGON ((-96.7113 43.6058,))"
