notes,geometry,
subarea_polygon,"POLYGON ((-111.809700 33.366656,-111.791907 33.366656,-111.791482 33.354865,-111.811666 33.354705,-111.809700 33.366603,-111.809700 33.366656,))"
