agent_id,o_zone_id,d_zone_id,path_id,agent_type,demand_period,volume,toll,travel_time,distance,node_sequence,link_sequence,time_sequence,time_decimal_sequence,link_travel_time_sequence,geometry
1,1,2,0,p,AM,2004.00,0.0,66.0400,45.0100,1;3;2;,1003;3002;,0730;0751;0836;,450.00;471.04;516.04;,21.04;45.00;,"LINESTRING (0.017882 -0.125179, 19.778254 14.806867, 40.253933 0.053648)"
2,1,2,1,p,AM,1996.00,0.0,65.9600,45.0100,1;4;2;,1004;4002;,0836;0921;0941;,516.04;561.04;582.00;,45.00;20.96;,"LINESTRING (0.017882 -0.125179, 19.688841 -9.692418, 40.253933 0.053648)"
