link_seq_id,link_id,based_link_type,from_node_id,to_node_id,geometry,distance_km,distance_mile,fftt,free_speed_base_mode,link_specific_speed_diff,capacity_base_mode,link_specific_capacity_diff,meso_link_id,tmc,tmc_corridor_name,tmc_corridor_id,tmc_road_order,tmc_road_sequence,subarea_id,lanes_s0,link_type_s0,lanes_p1_s0_auto,VOL_p1_s0_auto,MEU_p1_s0_auto,CAP_p1_s0_auto,PEN_p1_s0_auto,DOC_p1_s0_auto,TT_p1_s0_auto,CO2_p1_s0_auto,NOX_p1_s0_auto,VOL_am_25nb_auto,MEU_am_25nb_auto,CAP_am_25nb_auto,PEN_am_25nb_auto,DOC_am_25nb_auto,TT_am_25nb_auto,CO2_am_25nb_auto,NOX_am_25nb_auto,
1,3,trunk,1,4,"LINESTRING (0 -0.1, 19.7 -9.7)",15.000000,9.322561,15.000000,60.000000,-40.000000,3000.000000,1200.000000,-1,,network_wide,-1,0,-1,1,1.0,trunk,1.0,1549.8,1549.8,3000.0,0.0,0.5,15.2,482254.5,127.7,1549.8,1549.8,3000.000,0.000,0.517,15.160,482254.520,127.741,
2,4,trunk,4,2,"LINESTRING (19.7 -9.7, 40.3 0.1)",15.000000,9.322561,15.000000,60.000000,-40.000000,3000.000000,1200.000000,-1,,network_wide,-1,0,-1,1,1.0,trunk,1.0,1549.8,1549.8,3000.0,0.0,0.5,15.2,482254.5,127.7,1549.8,1549.8,3000.000,0.000,0.517,15.160,482254.520,127.741,
3,1,motorway,1,3,"LINESTRING (0 -0.1, 19.8 14.8)",10.000000,6.215040,10.000000,60.000000,-60.000000,4000.000000,2000.000000,-1,,network_wide,-1,0,-1,1,1.0,motorway,1.0,5450.2,5450.2,4000.0,0.0,1.4,15.2,1174894.5,254.6,5450.2,5450.2,4000.000,0.000,1.363,15.170,1174894.480,254.625,
4,2,motorway,3,2,"LINESTRING (19.8 14.8, 40.3 0.1)",10.000000,6.215040,10.000000,60.000000,-60.000000,4000.000000,2000.000000,-1,,network_wide,-1,0,-1,1,1.0,motorway,1.0,5450.2,5450.2,4000.0,0.0,1.4,15.2,1174894.5,254.6,5450.2,5450.2,4000.000,0.000,1.363,15.170,1174894.480,254.625,
