link_seq_id,link_id,base_s0_link_type,from_node_id,to_node_id,geometry,distance_km,distance_mile,fftt,free_speed_base_mode,link_specific_speed_diff,capacity_base_mode,link_specific_capacity_diff,meso_link_id,tmc,tmc_corridor_name,tmc_corridor_id,tmc_road_order,tmc_road_sequence,subarea_id,lanes_s0,link_type_s0,free_speed_s0,capacity_s0,lanes_p1_s0_auto,VOL_p1_s0_auto,MEU_p1_s0_auto,CAP_p1_s0_auto,PEN_p1_s0_auto,DOC_p1_s0_auto,TT_p1_s0_auto,CO2_p1_s0_auto,NOX_p1_s0_auto,VOL_am_2025_auto,MEU_am_2025_auto,CAP_am_2025_auto,PEN_am_2025_auto,DOC_am_2025_auto,TT_am_2025_auto,CO2_am_2025_auto,NOX_am_2025_auto,
1,,motorway,1,4,"LINESTRING (0 -0.1, 19.7 -9.7)",24.135000,15.000000,15.000000,96.540000,36.540000,3000.000000,1000.000000,-1,,network_wide,-1,0,-1,-1,1.0,motorway,96.5,3000.0,1.0,3112.7,3112.7,3000.0,0.0,1.4394,31.1,20678.4,4.1,3112.7,3112.7,3000.000,0.000,1.4394,31.097,20678.412,4.113,
2,,motorway,4,2,"LINESTRING (19.7 -9.7, 40.3 0.1)",24.135000,15.000000,15.000000,96.540000,36.540000,3000.000000,1000.000000,-1,,network_wide,-1,0,-1,-1,1.0,motorway,96.5,3000.0,1.0,3112.7,3112.7,3000.0,0.0,1.4394,31.1,20678.4,4.1,3112.7,3112.7,3000.000,0.000,1.4394,31.097,20678.412,4.113,
3,,motorway,1,3,"LINESTRING (0 -0.1, 19.8 14.8)",16.090000,10.000000,10.000000,96.540000,36.540000,4000.000000,2000.000000,-1,,network_wide,-1,0,-1,-1,1.0,motorway,96.5,4000.0,1.0,4887.3,4887.3,4000.0,0.0,1.6951,31.1,26773.6,4.4,4887.3,4887.3,4000.000,0.000,1.6951,31.097,26773.646,4.399,
4,,motorway,3,2,"LINESTRING (19.8 14.8, 40.3 0.1)",16.090000,10.000000,10.000000,96.540000,36.540000,4000.000000,2000.000000,-1,,network_wide,-1,0,-1,-1,1.0,motorway,96.5,4000.0,1.0,4887.3,4887.3,4000.0,0.0,1.6951,31.1,26773.6,4.4,4887.3,4887.3,4000.000,0.000,1.6951,31.097,26773.646,4.399,
