link_id,link_no,layer_no,from_node_id,to_node_id,from_gate_flag,to_gate_flag,link_type,link_type_name,link_type_code,lanes,link_distance_VDF,free_speed,cutoff_speed,fftt,capacity,BPR_alpha,BPR_beta,demand_period_internal_0,allow_uses_pm,QVDF_plf_pm,QVDF_alpha_pm,QVDF_beta_pm,QVDF_cd_pm,QVDF_n_pm,QVDF_s_pm,geometry,
,0,0,1,4,-1,-1,2,,,1.000000,24.135000,96.540000,82.058998,15.000000,3000.000000,0.150000,4.000000,pm,null,0.656856,0.182982,4.490264,1.001943,1.181083,4.000000,"LINESTRING (0 -0.1, 19.7 -9.7)",
,1,0,4,2,-1,-1,2,,,1.000000,24.135000,96.540000,82.058998,15.000000,3000.000000,0.150000,4.000000,pm,null,0.656856,0.182982,4.490264,1.001943,1.181083,4.000000,"LINESTRING (19.7 -9.7, 40.3 0.1)",
,2,0,1,3,-1,-1,1,,,1.000000,16.090000,96.540000,82.058998,10.000000,4000.000000,0.150000,4.000000,pm,null,0.656856,0.182982,4.490264,1.001943,1.181083,4.000000,"LINESTRING (0 -0.1, 19.8 14.8)",
,3,0,3,2,-1,-1,1,,,1.000000,16.090000,96.540000,82.058998,10.000000,4000.000000,0.150000,4.000000,pm,null,0.656856,0.182982,4.490264,1.001943,1.181083,4.000000,"LINESTRING (19.8 14.8, 40.3 0.1)",
connector,4,0,1,-1,-1,-1,-1,,connector,20.000000,0.000010,100.000000,100.000000,0.100000,999999.000000,0.000000,0.000000,pm,,1.000000,0.272877,4.000000,0.954946,1.141574,4.000000,"LINESTRING (0.000000 -0.100000,0.000000 -0.100000)"
connector,5,0,-1,1,-1,-1,-1,,connector,20.000000,0.000010,100.000000,100.000000,0.100000,999999.000000,0.000000,0.000000,pm,,1.000000,0.272877,4.000000,0.954946,1.141574,4.000000,"LINESTRING (0.000000 -0.100000,0.000000 -0.100000)"
connector,6,0,2,-2,-1,-1,-1,,connector,20.000000,0.000010,100.000000,100.000000,0.100000,999999.000000,0.000000,0.000000,pm,,1.000000,0.272877,4.000000,0.954946,1.141574,4.000000,"LINESTRING (40.300000 0.100000,40.300000 0.100000)"
connector,7,0,-2,2,-1,-1,-1,,connector,20.000000,0.000010,100.000000,100.000000,0.100000,999999.000000,0.000000,0.000000,pm,,1.000000,0.272877,4.000000,0.954946,1.141574,4.000000,"LINESTRING (40.300000 0.100000,40.300000 0.100000)"
