o_zone_id,d_zone_id,distance,geometry
1,2,2785.8750,"LINESTRING (0.000000 -0.100000,40.300000 0.100000,)"
2,1,2785.8750,"LINESTRING (40.300000 0.100000,0.000000 -0.100000,)"
