link_id,link_no,layer_no,from_node_id,to_node_id,from_gate_flag,to_gate_flag,link_type,link_type_name,link_type_code,lanes,link_distance_VDF,free_speed,cutoff_speed,fftt,capacity,allow_uses,BPR_plf,BPR_alpha,BPR_beta,QVDF_plf,QVDF_alpha,QVDF_beta,QVDF_cd,QVDF_n,geometry
3,0,0,1,4,-1,-1,1,,,1.000000,0.999000,60.000000,51.000000,0.999000,1800.000000,auto,1.000000,0.150000,4.000000,1.000000,0.272877,4.000000,0.954946,1.141574,"LINESTRING (0 -0.1, 19.7 -9.7)",
4,1,0,4,2,-1,-1,1,,,1.000000,1.000000,60.000000,51.000000,1.000000,2000.000000,auto,1.000000,0.150000,4.000000,1.000000,0.272877,4.000000,0.954946,1.141574,"LINESTRING (19.7 -9.7, 40.3 0.1)",
1,2,0,1,3,-1,-1,1,,,1.000000,1.000000,60.000000,51.000000,1.000000,2000.000000,auto,1.000000,0.150000,4.000000,1.000000,0.272877,4.000000,0.954946,1.141574,"LINESTRING (0 -0.1, 19.8 14.8)",
2,3,0,3,2,-1,-1,1,,,1.000000,1.000000,60.000000,51.000000,1.000000,2000.000000,auto,1.000000,0.150000,4.000000,1.000000,0.272877,4.000000,0.954946,1.141574,"LINESTRING (19.8 14.8, 40.3 0.1)",
connector,4,0,1,-1,-1,-1,-1,,,20.000000,0.000010,100.000000,100.000000,0.100000,999999.000000,,1.000000,0.000000,0.000000,1.000000,0.272877,4.000000,0.954946,1.141574,"LINESTRING (0.000000 -0.100000,0.000000 -0.100000)"
connector,5,0,-1,1,-1,-1,-1,,,20.000000,0.000010,100.000000,100.000000,0.100000,999999.000000,,1.000000,0.000000,0.000000,1.000000,0.272877,4.000000,0.954946,1.141574,"LINESTRING (0.000000 -0.100000,0.000000 -0.100000)"
connector,6,0,2,-2,-1,-1,-1,,,20.000000,0.000010,100.000000,100.000000,0.100000,999999.000000,,1.000000,0.000000,0.000000,1.000000,0.272877,4.000000,0.954946,1.141574,"LINESTRING (40.300000 0.100000,40.300000 0.100000)"
connector,7,0,-2,2,-1,-1,-1,,,20.000000,0.000010,100.000000,100.000000,0.100000,999999.000000,,1.000000,0.000000,0.000000,1.000000,0.272877,4.000000,0.954946,1.141574,"LINESTRING (40.300000 0.100000,40.300000 0.100000)"
