link_id,from_node_id,to_node_id,link_type_name,link_type_code,time_period,volume,travel_time,speed,speed_ratio,VOC,capacity,queue,density,geometry,TT_0,TT_1,TT_2,TT_3,TT_4,TT_5,TT_6,TT_7,TT_8,TT_9,TT_10,TT_11,TT_12,TT_13,TT_14,TT_15,TT_16,TT_17,TT_18,TT_19,notes
1,1,3,,,0700_0800,5447.850,15.161,39.575,0.660,1.4,4000.000,0,0,"LINESTRING (0.017882 -0.125179 ,19.778254 14.806867 )",14.45,15.15,15.16,15.16,15.16,15.16,15.16,15.16,15.16,15.16,15.16,15.16,15.16,15.16,15.16,15.16,15.16,15.16,15.16,15.16,period-based
2,3,2,,,0700_0800,5447.850,15.161,39.575,0.660,1.4,4000.000,0,0,"LINESTRING (19.778254 14.806867 ,40.253933 0.053648 )",14.45,15.15,15.16,15.16,15.16,15.16,15.16,15.16,15.16,15.16,15.16,15.16,15.16,15.16,15.16,15.16,15.16,15.16,15.16,15.16,period-based
3,1,4,,,0700_0800,1552.150,15.161,59.362,0.989,0.5,3000.000,0,0,"LINESTRING (0.017882 -0.125179 ,19.688841 -9.692418 )",15.26,15.16,15.16,15.16,15.16,15.16,15.16,15.16,15.16,15.16,15.16,15.16,15.16,15.16,15.16,15.16,15.16,15.16,15.16,15.16,period-based
4,4,2,,,0700_0800,1552.150,15.161,59.362,0.989,0.5,3000.000,0,0,"LINESTRING (19.688841 -9.692418 ,40.253933 0.053648 )",15.26,15.16,15.16,15.16,15.16,15.16,15.16,15.16,15.16,15.16,15.16,15.16,15.16,15.16,15.16,15.16,15.16,15.16,15.16,15.16,period-based
