od_seq_id,o_zone_id,d_zone_id,o_sindex,d_sindex,o_district_id,d_district_id,mode_type,demand_period,connectivity_flag,s_x_coord,s_y_coord,t_x_coord,t_y_coord,volume_s0,volume_s1,avg_tt_s0,avg_tt_s1,avg_distance_km_s0,avg_distance_km_s1,avg_cost_s0,avg_cost_s1,
1,1,2,0,1,1,2,auto,am7,0,0.000000,-0.100000,40.300000,0.100000,2700.00,1500.00,106.48,105.14,30.00,30.00,0.00,0.00,
1,1,2,0,1,1,2,auto,am8,0,0.000000,-0.100000,40.300000,0.100000,2700.00,1500.00,32.95,30.28,30.00,30.00,0.00,0.00,
1,1,2,0,1,1,2,auto,am9,0,0.000000,-0.100000,40.300000,0.100000,2700.00,1500.00,32.95,30.28,30.00,30.00,0.00,0.00,
1,1,2,0,1,1,2,auto,am10,0,0.000000,-0.100000,40.300000,0.100000,2700.00,1500.00,32.95,30.28,30.00,30.00,0.00,0.00,
1,1,2,0,1,1,2,info,am7,0,0.000000,-0.100000,40.300000,0.100000,300.00,1500.00,65.50,65.99,56.45,56.02,0.00,0.00,
1,1,2,0,1,1,2,info,am8,0,0.000000,-0.100000,40.300000,0.100000,300.00,1500.00,32.95,30.28,30.00,30.00,0.00,0.00,
1,1,2,0,1,1,2,info,am9,0,0.000000,-0.100000,40.300000,0.100000,300.00,1500.00,32.95,30.28,30.00,30.00,0.00,0.00,
1,1,2,0,1,1,2,info,am10,0,0.000000,-0.100000,40.300000,0.100000,300.00,1500.00,32.95,30.28,30.00,30.00,0.00,0.00,
